ISO3,Region,Functional_region
AFG,Asia,Asia
ALB,Europe,Europe
DZA,Africa,Africa
ASM,Oceania,Oceania
AND,Europe,Europe
AGO,Africa,Africa
AIA,Latin America & Caribbean,Latin America & Caribbean
ATG,Latin America & Caribbean,Latin America & Caribbean
ARG,Latin America & Caribbean,Latin America & Caribbean
ARM,CIS,CIS
ABW,Latin America & Caribbean,Latin America & Caribbean
AUS,Oceania,Oceania
AUT,Europe,Europe
AZE,CIS,CIS
BHS,Latin America & Caribbean,Latin America & Caribbean
BHR,Asia,Europe
BGD,Asia,Asia
BRB,Latin America & Caribbean,Latin America & Caribbean
BLR,CIS,CIS
BEL,Europe,Europe
BLZ,Latin America & Caribbean,Latin America & Caribbean
BEN,Africa,Africa
BMU,Latin America & Caribbean,Latin America & Caribbean
BTN,Asia,Asia
BOL,Latin America & Caribbean,Latin America & Caribbean
BIH,Europe,Europe
BWA,Africa,Africa
BVT,-,-
BRA,Latin America & Caribbean,Latin America & Caribbean
IOT,Asia,Asia
VGB,Latin America & Caribbean,Latin America & Caribbean
BRN,Oceania,Oceania
BGR,Europe,Europe
BFA,Africa,Africa
BDI,Africa,Africa
CPV,Africa,Africa
KHM,Asia,Asia
CMR,Africa,Africa
CAN,North America,North America
CYM,Latin America & Caribbean,Latin America & Caribbean
CAF,Africa,Africa
TCD,Africa,Africa
CHL,Latin America & Caribbean,Latin America & Caribbean
CHN,Asia,Asia
CXR,Oceania,Oceania
CCK,Oceania,Oceania
COL,Latin America & Caribbean,Latin America & Caribbean
COM,Africa,Africa
COG,Africa,Africa
ZAR,Africa,Africa
COK,Oceania,Oceania
CRI,Latin America & Caribbean,Latin America & Caribbean
CIV,Africa,Africa
HRV,Europe,Europe
CUB,Latin America & Caribbean,Latin America & Caribbean
CYP,Europe,Europe
CZE,Europe,Europe
DNK,Europe,Europe
DJI,Africa,Africa
DMA,Latin America & Caribbean,Latin America & Caribbean
DOM,Latin America & Caribbean,Latin America & Caribbean
ECU,Latin America & Caribbean,Latin America & Caribbean
EGY,Africa,Africa
SLV,Latin America & Caribbean,Latin America & Caribbean
GNQ,Africa,Africa
ERI,Africa,Africa
EST,Europe,Europe
ETH,Africa,Africa
FLK,Latin America & Caribbean,Latin America & Caribbean
FRO,Europe,Europe
FJI,Oceania,Oceania
FIN,Europe,Europe
FRA,Europe,Europe
GUF,Latin America & Caribbean,Latin America & Caribbean
PYF,Oceania,Oceania
ATF,Africa,Africa
GAB,Africa,Africa
GMB,Africa,Africa
GEO,Europe,Europe
DEU,Europe,Europe
GHA,Africa,Africa
GIB,Europe,Europe
GRC,Europe,Europe
GRL,Europe,Europe
GRD,Latin America & Caribbean,Latin America & Caribbean
GLP,Latin America & Caribbean,Latin America & Caribbean
GUM,Oceania,Oceania
GTM,Latin America & Caribbean,Latin America & Caribbean
GIN,Africa,Africa
GNB,Africa,Africa
GUY,Latin America & Caribbean,Latin America & Caribbean
HTI,Latin America & Caribbean,Latin America & Caribbean
HMD,-,-
HND,Latin America & Caribbean,Latin America & Caribbean
HKG,Asia,Asia
HUN,Europe,Europe
ISL,Europe,Europe
IND,Asia,Asia
IDN,Asia,Asia
IRN,Asia,Europe
IRQ,Asia,Europe
IRL,Europe,Europe
ISR,Asia,Europe
ITA,Europe,Europe
JAM,Latin America & Caribbean,Latin America & Caribbean
JPN,Asia,Asia
JOR,Asia,Europe
KAZ,CIS,CIS
KEN,Africa,Africa
KIR,Oceania,Oceania
KWT,Asia,Europe
KGZ,CIS,CIS
LAO,Asia,Asia
LVA,Europe,Europe
LBN,Asia,Europe
LSO,Africa,Africa
LBR,Africa,Africa
LBY,Africa,Africa
LIE,Europe,Europe
LTU,Europe,Europe
LUX,Europe,Europe
MDG,Africa,Africa
MWI,Africa,Africa
MYS,Asia,Asia
MDV,Asia,Asia
MLI,Africa,Africa
MLT,Europe,Europe
MHL,Oceania,Oceania
MTQ,Latin America & Caribbean,Latin America & Caribbean
MRT,Africa,Africa
MUS,Africa,Africa
MYT,Africa,Africa
MEX,North America,North America
FSM,Oceania,Oceania
MDA,CIS,CIS
MCO,Europe,Europe
MNG,Asia,Asia
MNE,Europe,Europe
MSR,Latin America & Caribbean,Latin America & Caribbean
MAR,Africa,Africa
MOZ,Africa,Africa
MMR,Asia,Asia
NAM,Africa,Africa
NRU,Oceania,Oceania
NPL,Asia,Asia
NLD,Europe,Europe
ANT,Latin America & Caribbean,Latin America & Caribbean
NCL,Oceania,Oceania
NZL,Oceania,Oceania
NIC,Latin America & Caribbean,Latin America & Caribbean
NER,Africa,Africa
NGA,Africa,Africa
NIU,Oceania,Oceania
NFK,Oceania,Oceania
PRK,Asia,Asia
MNP,Asia,Asia
NOR,Europe,Europe
OMN,Asia,Europe
PAK,Asia,Asia
PLW,Asia,Asia
PAN,Latin America & Caribbean,Latin America & Caribbean
PNG,Oceania,Oceania
PRY,Latin America & Caribbean,Latin America & Caribbean
PER,Latin America & Caribbean,Latin America & Caribbean
PHL,Asia,Asia
PCN,Africa,Africa
POL,Europe,Europe
PRT,Europe,Europe
PRI,Latin America & Caribbean,Latin America & Caribbean
QAT,Asia,Europe
REU,Africa,Africa
ROM,Europe,Europe
RUS,CIS,CIS
RWA,Africa,Africa
SHN,Africa,Africa
KNA,Latin America & Caribbean,Latin America & Caribbean
LCA,Latin America & Caribbean,Latin America & Caribbean
SPM,Latin America & Caribbean,Latin America & Caribbean
VCT,Latin America & Caribbean,Latin America & Caribbean
WSM,Oceania,Oceania
SMR,Europe,Europe
STP,Africa,Africa
SAU,Asia,Europe
SEN,Africa,Africa
SRB,Europe,Europe
SYC,Africa,Africa
SLE,Africa,Africa
SGP,Asia,Asia
SVK,Europe,Europe
SVN,Europe,Europe
SLB,Oceania,Oceania
SOM,Africa,Africa
ZAF,Africa,Africa
SGS,Latin America & Caribbean,Latin America & Caribbean
KOR,Asia,Asia
SSD,Africa,Africa
ESP,Europe,Europe
LKA,Asia,Asia
SDN,Africa,Africa
SUR,Latin America & Caribbean,Latin America & Caribbean
SJM,Europe,Europe
SWZ,Africa,Africa
SWE,Europe,Europe
CHE,Europe,Europe
SYR,Asia,Europe
TWN,Asia,Asia
TJK,Asia,Asia
TZA,Africa,Africa
THA,Asia,Asia
MKD,Europe,Europe
TMP,Asia,Asia
TGO,Africa,Africa
TKL,Oceania,Oceania
TON,Oceania,Oceania
TTO,Latin America & Caribbean,Latin America & Caribbean
TUN,Africa,Africa
TUR,Asia,Europe
TKM,Asia,Asia
TCA,Latin America & Caribbean,Latin America & Caribbean
TUV,Oceania,Oceania
UGA,Africa,Africa
UKR,CIS,CIS
ARE,Asia,Europe
GBR,Europe,Europe
USA,North America,North America
UMI,Oceania,Oceania
URY,Latin America & Caribbean,Latin America & Caribbean
VIR,Latin America & Caribbean,Latin America & Caribbean
UZB,CIS,CIS
VUT,Oceania,Oceania
VAT,Europe,Europe
VEN,Latin America & Caribbean,Latin America & Caribbean
VNM,Asia,Asia
WLF,Oceania,Oceania
ESH,Africa,Africa
YEM,Asia,Europe
ZMB,Africa,Africa
ZWE,Africa,Africa
MAC,Asia,Asia
